validation_relationship,abs_diff_new,abs_diff_bench,num_sites_better,num_sites_similar,num_sites_worse
age_incidence,0.9404107512855068,0.9404107512855068,0,8,0
age_prevalence,0.2655913700372155,0.2655913700372155,0,17,0
asexual_par_dens,0.188549310757321,0.188549310757321,0,15,0
gamet_par_dens,0.2416610186586396,0.2416610186586396,0,15,0
infectiousness,0.14141331785076117,0.14141331785076117,0,6,0
