"Site","mean_rel_diff","mean_abs_diff","corr_slope","corr_r_squared","mean_rel_slope_diff","mean_abs_slpe_diff"
"all_sites",1.66109117449828,0.940410751285507,NA,NA,NA,NA
"chonyi_1999",2.35903754873448,0.952736307485114,1.08642866934889,0.490966921740263,8.43926130848631,0.147965787221197
"dielmo_1990",1.40818126545413,1.24582239588287,1.46628969333832,0.913632638480918,2.7887861639664,0.331105129807848
"dongubougou_1999",0.203476589238825,0.200588058167067,1.08414081315836,0.865522692001598,0.590851128118466,0.0559156631729013
"ebolakounou_1997",3.52982509872137,1.35008646474306,1.59101508448223,0.360798168785725,5.54096341340603,0.0938553264241329
"koundou_1997",2.42011379519853,2.14090453815632,2.40591801401104,0.583784813025154,4.06136388214855,0.298897455305306
"ndiop_1993",0.469357523532167,0.518362401807934,1.37071846585497,0.861723957985039,1.42386439172371,0.063858911351398
"ngerenya_1999",2.17018727747034,0.613811697095067,-0.060277891520448,0.0154562883228161,1.88221129868422,0.155796502586328
"sotuba_1999",0.369668279342705,0.567435526640691,0.0783680411454297,0.0186235635378654,1.98863292465823,0.0628572313536869
